{
  "LinearRegression": {
    "mae": 14.507170584195354,
    "rmse": 19.461942745402418,
    "r2": 0.5508957006801838
  },
  "RandomForest": {
    "mae": 4.97678835050793,
    "rmse": 8.386250750487514,
    "r2": 0.9166106633772367
  },
  "HistGB": {
    "mae": 10.777101638000298,
    "rmse": 14.676177951509032,
    "r2": 0.7446118339139944
  },
  "MLP": {
    "mae": 5.284991322565352,
    "rmse": 9.01464239737211,
    "r2": 0.9036455363835681
  }
}